{"cameraMode":{"drawMode":0,"name":"Shaded","section":"Shading Mode"},"sceneLighting":false,"audioPlay":false,"sceneViewState":{"m_AlwaysRefresh":false,"showFog":true,"showSkybox":false,"showFlares":true,"showImageEffects":true,"showParticleSystems":true,"showVisualEffectGraphs":true,"m_FxEnabled":true},"in2DMode":false,"pivot":{"x":-0.000052809715270996094,"y":-3.948807716369629e-7,"z":1.0216013193130494},"rotation":{"x":-0.11941055953502655,"y":0.23791876435279847,"z":-0.02948727272450924,"w":-0.9634660482406616},"size":1.376839518547058,"orthographic":false}