{"cameraMode":{"drawMode":0,"name":"Shaded","section":"Shading Mode"},"sceneLighting":true,"audioPlay":false,"sceneViewState":{"m_AlwaysRefresh":false,"showFog":true,"showSkybox":true,"showFlares":true,"showImageEffects":true,"showParticleSystems":true,"showVisualEffectGraphs":true,"m_FxEnabled":true},"in2DMode":false,"pivot":{"x":-6.287863254547119,"y":1.174529790878296,"z":-0.0019466876983642579},"rotation":{"x":-0.20712879300117494,"y":0.03841418772935867,"z":-0.008143610320985318,"w":-0.9775503277778626},"size":6.664224624633789,"orthographic":true}