{"cameraMode":{"drawMode":0,"name":"Shaded","section":"Shading Mode"},"sceneLighting":true,"audioPlay":false,"sceneViewState":{"m_AlwaysRefresh":false,"showFog":true,"showSkybox":true,"showFlares":true,"showImageEffects":true,"showParticleSystems":true,"showVisualEffectGraphs":true,"m_FxEnabled":true},"in2DMode":false,"pivot":{"x":0.008570253849029541,"y":1.0357500314712525,"z":-0.11107966303825379},"rotation":{"x":-0.13489724695682527,"y":-0.004459084011614323,"z":0.0006124030915088952,"w":-0.9908651113510132},"size":4.748918056488037,"orthographic":true}