{"cameraMode":{"drawMode":0,"name":"Shaded","section":"Shading Mode"},"sceneLighting":true,"audioPlay":false,"sceneViewState":{"m_AlwaysRefresh":false,"showFog":true,"showSkybox":true,"showFlares":true,"showImageEffects":true,"showParticleSystems":true,"showVisualEffectGraphs":true,"m_FxEnabled":true},"in2DMode":false,"pivot":{"x":0.0914817750453949,"y":1.1572178602218629,"z":-0.3255692720413208},"rotation":{"x":-0.09064090251922608,"y":0.8986631035804749,"z":-0.22164234519004823,"w":-0.3675094544887543},"size":1.5749051570892335,"orthographic":false}