{"cameraMode":{"drawMode":0,"name":"Shaded","section":"Shading Mode"},"sceneLighting":false,"audioPlay":false,"sceneViewState":{"m_AlwaysRefresh":false,"showFog":true,"showSkybox":false,"showFlares":true,"showImageEffects":true,"showParticleSystems":true,"showVisualEffectGraphs":true,"m_FxEnabled":true},"in2DMode":false,"pivot":{"x":457.2573547363281,"y":205.91363525390626,"z":-0.023981556296348573},"rotation":{"x":-0.0512784980237484,"y":0.018571874126791955,"z":-0.0009520198218524456,"w":-0.9985160231590271},"size":0.34984061121940615,"orthographic":false}